Name,Slug,Series,Filename,Is Matching Floor
Alcazar,alcazar-300x300,Alcazar,ALCAZAR_DB.jpg,True
Angel Dark,angel-dark-300x300,Angel,ANGEL_DARK.jpg,False
Avila Grey Dark,avila-grey-dark-300x300,Avila Grey,AVILA GREY DARK.jpg,False
Atlantica,atlantica-300x300,Atlantica,Atlantica_DB.jpg,True
Calendula Venezia,calendula-venezia-300x300,Calendula Venezia,CALENDULA VENEZIA_DB_P2.jpg,True
Classy Beige-Db,classy-beige-db-300x300,Classy Beige-Db,CLASSY BEIGE-DB_300x300.jpg,False
Crust Grey Dark,crust-grey-dark-300x300,Crust Grey,CRUST GREY DARK.jpg,False
Cozy,cozy-300x300,Cozy,Cozy.jpg,False
Desert Marble Dark,desert-marble-dark-300x300,Desert Marble,DESERT MARBLE DARK.jpg,False
Destiny Dark,destiny-dark-300x300,Destiny,DESTINY DARK.jpg,True
Dusk Grey Dark,dusk-grey-dark-300x300,Dusk Grey,DUSK GREY DARK.jpg,False
Dusk Gris Dark,dusk-gris-dark-300x300,Dusk Gris,DUSK GRIS DARK.jpg,True
Dusk Gris Light,dusk-gris-light-300x300,Dusk Gris,DUSK GRIS LIGHT.jpg,True
Edmonton,edmonton-300x300,Edmonton,EDMONTON_DB.jpg,False
Aqua Cloudy,aqua-cloudy-300x300,Aqua Cloudy,F EC AQUA CLOUDY.jpg,False
Aqua Dense,aqua-dense-300x300,Aqua Dense,F EC AQUA DENSE.jpg,False
Aqua Green,aqua-green-300x300,Aqua Green,F EC AQUA GREEN.jpg,False
Blare Dark,blare-dark-300x300,Blare,F EC BLARE DARK.jpg,False
Buff Beige,buff-beige-300x300,Buff Beige,F EC BUFF BEIGE.jpg,False
Camel Brown,camel-brown-300x300,Camel Brown,F EC CAMEL BROWN.jpg,False
Charcoal,charcoal-300x300,Charcoal,F EC CHARCOAL.jpg,False
Cheesy Brown,cheesy-brown-300x300,Cheesy Brown,F EC CHEESY BROWN.jpg,False
Crust Barren,crust-barren-300x300,Crust Barren,F EC CRUST BARREN.jpg,False
Crust Black,crust-black-300x300,Crust Black,F EC CRUST BLACK.jpg,False
Crust Dusk,crust-dusk-300x300,Crust Dusk,F EC CRUST DUSK.jpg,False
Crust Foggy,crust-foggy-300x300,Crust Foggy,F EC CRUST FOGGY.jpg,False
Crust Grey,crust-grey-300x300,Crust Grey,F EC CRUST GREY.jpg,False
Crust Pale,crust-pale-300x300,Crust Pale,F EC CRUST PALE.jpg,False
Crust Pine,crust-pine-300x300,Crust Pine,F EC CRUST PINE.jpg,False
Crystal Grey,crystal-grey-300x300,Crystal Grey,F EC CRYSTAL GREY.jpg,False
Daisy Jolly,daisy-jolly-300x300,Daisy Jolly,F EC DAISY JOLLY.jpg,False
Destiny Dark,destiny-dark-300x300,Destiny,F EC DESTINY DARK.jpg,True
Floral Brown,floral-brown-300x300,Floral Brown,F EC FLORAL BROWN.jpg,False
Floral Grey,floral-grey-300x300,Floral Grey,F EC FLORAL GREY.jpg,False
Ford Dark,ford-dark-300x300,Ford,F EC FORD DARK.jpg,False
Mad Grey,mad-grey-300x300,Mad Grey,F EC MAD GREY.jpg,False
Maze Dark,maze-dark-300x300,Maze,F EC MAZE DARK.jpg,False
Milky Bianco,milky-bianco-300x300,Milky Bianco,F EC MILKY BIANCO.jpg,False
Puzzle Dark,puzzle-dark-300x300,Puzzle,F EC PUZZLE DARK.jpg,False
Sandy Mint,sandy-mint-300x300,Sandy Mint,F EC SANDY MINT.jpg,False
Serene,serene-300x300,Serene,F EC SERENE.jpg,False
Ultramarine,ultramarine-300x300,Ultramarine,F EC ULTRAMARINE.jpg,False
Woody Dark,woody-dark-300x300,Woody,F EC WOODY DARK.jpg,True
Fade,fade-300x300,Fade,FADE_DB.jpg,False
Faith,faith-300x300,Faith,FAITH_DB.jpg,False
Fantasy Floral Dark,fantasy-floral-dark-300x300,Fantasy Floral,FANTASY FLORAL_DARK.jpg,False
Fern 05,fern-05-300x300,Fern,FERN_05_DB.jpg,True
Fiorello Dark,fiorello-dark-300x300,Fiorello,FIORELLO_DARK.jpg,False
Florida,florida-300x300,Florida,FLORIDA_DB.jpg,True
Flowery Dark,flowery-dark-300x300,Flowery,FLOWERY_DARK.jpg,True
Fusion Dark,fusion-dark-300x300,Fusion,FUSION_DARK.jpg,True
Inlay Beige Dark,inlay-beige-dark-300x300,Inlay Beige,INLAY BEIGE DARK.jpg,False
Jewel Dark,jewel-dark-300x300,Jewel,JEWEL_DARK.jpg,True
Kettle,kettle-300x300,Kettle,KETTLE_DB_FINAL.jpg,True
Kettle,kettle-300x300,Kettle,KETTLE_LB.jpg,True
Kyoto Dark,kyoto-dark-300x300,Kyoto,KYOTO_DARK.jpg,True
Lake 103,lake-103-300x300,Lake,LAKE 103.jpg,False
Lake 104,lake-104-300x300,Lake,LAKE 104.jpg,False
Level 104,level-104-300x300,Level,LEVEL 104.jpg,False
Level 107,level-107-300x300,Level,LEVEL 107.jpg,False
Liberal 104,liberal-104-300x300,Liberal,LIBERAL 104.jpg,False
Ligen Db ,ligen-db-300x300,Ligen Db,LIGEN_DB_.jpg,False
Lake Brown,lake-brown-300x300,Lake Brown,Lake Brown.jpg,False
Lake Grey,lake-grey-300x300,Lake Grey,Lake Grey.jpg,False
Level Dark,level-dark-300x300,Level,Level Dark.jpg,False
Level Light,level-light-300x300,Level,Level Light.jpg,False
Liberal,liberal-300x300,Liberal,Liberal.jpg,False
Magadh,magadh-300x300,Magadh,MAGADH_DB.jpg,False
Mirag Db,mirag-db-300x300,Mirag Db,MIRAG_DB_C5.jpg,False
Mosic,mosic-300x300,Mosic,MOSIC_C7_final.jpg,False
Noble Black,noble-black-300x300,Noble Black,NOBLE BLACK.jpg,False
Noble White,noble-white-300x300,Noble White,NOBLE WHITE.jpg,False
Neo Remote,neo-remote-300x300,Neo Remote,Neo Remote.jpg,False
Oceanic Blue Dark,oceanic-blue-dark-300x300,Oceanic Blue,OCEANIC BLUE DARK.jpg,False
Ocean,ocean-300x300,Ocean,OCEAN_DB_P5_FINAL.jpg,True
Orient 108,orient-108-300x300,Orient,ORIENT 108.jpg,False
Orient,orient-300x300,Orient,Orient.jpg,False
Pitch 505,pitch-505-300x300,Pitch,PITCH 505.jpg,False
Pitch 506,pitch-506-300x300,Pitch,PITCH 506.jpg,False
Pitch 511,pitch-511-300x300,Pitch,PITCH 511.jpg,False
Pristine Grey,pristine-grey-300x300,Pristine Grey,PRISTINE GREY_DB.jpg,True
Purpul Dark,purpul-dark-300x300,Purpul,PURPUL_DARK.jpg,False
Puzzle 107,puzzle-107-300x300,Puzzle,PUZZLE 107.jpg,False
Parcle Dark,parcle-dark-300x300,Parcle,Parcle Dark.jpg,False
Parcle Light,parcle-light-300x300,Parcle,Parcle Light.jpg,False
Persona,persona-300x300,Persona,Persona.jpg,False
Pitch Brown,pitch-brown-300x300,Pitch Brown,Pitch Brown.jpg,False
Pitch Dark,pitch-dark-300x300,Pitch,Pitch Dark.jpg,False
Pitch Light,pitch-light-300x300,Pitch,Pitch Light.jpg,False
Puzzle,puzzle-300x300,Puzzle,Puzzle.jpg,False
Remote 105 Light,remote-105-light-300x300,Remote 105,REMOTE 105 LIGHT.jpg,False
Remote 106,remote-106-300x300,Remote,REMOTE 106.jpg,False
Remote 617,remote-617-300x300,Remote,REMOTE 617.jpg,False
Richmond Db ,richmond-db-300x300,Richmond Db,RICHMOND_DB_.jpg,False
Rocher Pink Light,rocher-pink-light-300x300,Rocher Pink,ROCHER PINK_LIGHT.jpg,True
Remote Dark,remote-dark-300x300,Remote,Remote Dark.jpg,False
Remote Light,remote-light-300x300,Remote,Remote Light.jpg,False
Ruby,ruby-300x300,Ruby,Ruby.jpg,False
Shangrila-Dark,shangrila-dark-300x300,Shangrila-Dark,SHANGRILA-DARK.jpg,False
Silken Malena,silken-malena-300x300,Silken Malena,SILKEN MALENA_DB.jpg,True
Soapstone Dark,soapstone-dark-300x300,Soapstone,SOAPSTONE DARK.jpg,False
Swan,swan-300x300,Swan,SWAN_DB.jpg,True
Travertino Dark,travertino-dark-300x300,Travertino,TRAVERTINO_DARK.jpg,False
Vase,vase-300x300,Vase,VASE_DB.jpg,True
Vista,vista-300x300,Vista,Vista.jpg,False
