Size,Series,Product Name,Slug,Category,Finish,Application
300×450 mm,Alderation,Alderation Dark,alderation-dark,Ceramic,Glossy,Wall
300×450 mm,Alderation,Alderation HL,alderation-hl,Ceramic,Glossy,Wall
300×450 mm,Alderation,Alderation Light,alderation-light,Ceramic,Glossy,Wall
300×450 mm,Atlantica,Atlantica Dark,atlantica-dark,Ceramic,Glossy,Wall
300×450 mm,Atlantica,Atlantica HL 01,atlantica-hl-01,Ceramic,Glossy,Wall
300×450 mm,Atlantica,Atlantica HL 02,atlantica-hl-02,Ceramic,Glossy,Wall
300×450 mm,Atlantica,Atlantica Light,atlantica-light,Ceramic,Glossy,Wall
300×450 mm,Blossom,Blossom Dark,blossom-dark,Ceramic,Glossy,Wall
300×450 mm,Blossom,Blossom HL,blossom-hl,Ceramic,Glossy,Wall
300×450 mm,Blossom,Blossom Light,blossom-light,Ceramic,Glossy,Wall
300×450 mm,Blue Mist,Blue Mist Dark,blue-mist-dark,Ceramic,Glossy,Wall
300×450 mm,Blue Mist,Blue Mist HL,blue-mist-hl,Ceramic,Glossy,Wall
300×450 mm,Blue Mist,Blue Mist Light,blue-mist-light,Ceramic,Glossy,Wall
300×450 mm,Botany,Botany Dark,botany-dark,Ceramic,Glossy,Wall
300×450 mm,Botany,Botany HL,botany-hl,Ceramic,Glossy,Wall
300×450 mm,Botany,Botany Light,botany-light,Ceramic,Glossy,Wall
300×450 mm,Centro,Centro Dark,centro-dark,Ceramic,Glossy,Wall
300×450 mm,Centro,Centro HL,centro-hl,Ceramic,Glossy,Wall
300×450 mm,Centro,Centro Light,centro-light,Ceramic,Glossy,Wall
300×450 mm,Centro Matt,Centro Matt Dark,centro-matt-dark,Ceramic,Matt,Wall
300×450 mm,Centro Matt,Centro Matt HL,centro-matt-hl,Ceramic,Matt,Wall
300×450 mm,Centro Matt,Centro Matt Light,centro-matt-light,Ceramic,Matt,Wall
300×450 mm,Collage,Collage Dark,collage-dark,Ceramic,Glossy,Wall
300×450 mm,Collage,Collage HL,collage-hl,Ceramic,Glossy,Wall
300×450 mm,Collage,Collage Light,collage-light,Ceramic,Glossy,Wall
300×450 mm,Cubixa,Cubixa Dark,cubixa-dark,Ceramic,Glossy,Wall
300×450 mm,Cubixa,Cubixa HL,cubixa-hl,Ceramic,Glossy,Wall
300×450 mm,Cubixa,Cubixa Light,cubixa-light,Ceramic,Glossy,Wall
300×450 mm,Daltrix,Daltrix Dark,daltrix-dark,Ceramic,Glossy,Wall
300×450 mm,Daltrix,Daltrix HL,daltrix-hl,Ceramic,Glossy,Wall
300×450 mm,Daltrix,Daltrix Light,daltrix-light,Ceramic,Glossy,Wall
300×450 mm,Durben,Durben Dark,durben-dark,Ceramic,Glossy,Wall
300×450 mm,Durben,Durben HL,durben-hl,Ceramic,Glossy,Wall
300×450 mm,Durben,Durben Light,durben-light,Ceramic,Glossy,Wall
300×450 mm,Elevation,Elenaz Blue,elenaz-blue,Ceramic,Matt,Elevation
300×450 mm,Elevation,Elenaz Multi,elenaz-multi,Ceramic,Matt,Elevation
300×450 mm,Elevation,Elenaz Teak,elenaz-teak,Ceramic,Matt,Elevation
300×450 mm,Elevation,Unser Cold,unser-cold,Ceramic,Matt,Elevation
300×450 mm,Elevation,Unser Dark,unser-dark,Ceramic,Matt,Elevation
300×450 mm,Elevation,Unser Multi,unser-multi,Ceramic,Matt,Elevation
300×450 mm,Fade Grey,Fade Grey Dark,fade-grey-dark,Ceramic,Glossy,Wall
300×450 mm,Fade Grey,Fade Grey HL,fade-grey-hl,Ceramic,Glossy,Wall
300×450 mm,Fade Grey,Fade Grey Light,fade-grey-light,Ceramic,Glossy,Wall
300×450 mm,Fade Grey Matt,Fade Grey Matt Dark,fade-grey-matt-dark,Ceramic,Matt,Wall
300×450 mm,Fade Grey Matt,Fade Grey Matt HL,fade-grey-matt-hl,Ceramic,Matt,Wall
300×450 mm,Fade Grey Matt,Fade Grey Matt Light,fade-grey-matt-light,Ceramic,Matt,Wall
300×450 mm,Fern,Fern Dark,fern-dark,Ceramic,Glossy,Wall
300×450 mm,Fern,Fern HL,fern-hl,Ceramic,Glossy,Wall
300×450 mm,Fern,Fern Light,fern-light,Ceramic,Glossy,Wall
300×450 mm,Fern Matt,Fern Matt Dark,fern-matt-dark,Ceramic,Matt,Wall
300×450 mm,Fern Matt,Fern Matt HL,fern-matt-hl,Ceramic,Matt,Wall
300×450 mm,Fern Matt,Fern Matt Light,fern-matt-light,Ceramic,Matt,Wall
300×450 mm,Flowery,Flowery Dark,flowery-dark,Ceramic,Matt,Wall
300×450 mm,Flowery,Flowery HL 01,flowery-hl-01,Ceramic,Matt,Wall
300×450 mm,Flowery,Flowery HL 02,flowery-hl-02,Ceramic,Matt,Wall
300×450 mm,Flowery,Flowery Light,flowery-light,Ceramic,Matt,Wall
300×450 mm,Fusion,Fusion Dark,fusion-dark,Ceramic,Matt,Wall
300×450 mm,Fusion,Fusion HL,fusion-hl,Ceramic,Matt,Wall
300×450 mm,Fusion,Fusion Light,fusion-light,Ceramic,Matt,Wall
300×450 mm,Gabba,Gabba Dark,gabba-dark,Ceramic,Glossy,Wall
300×450 mm,Gabba,Gabba HL,gabba-hl,Ceramic,Glossy,Wall
300×450 mm,Gabba,Gabba Light,gabba-light,Ceramic,Glossy,Wall
300×450 mm,Gem Crema,Gem Crema Dark,gem-crema-dark,Ceramic,Glossy,Wall
300×450 mm,Gem Crema,Gem Crema HL,gem-crema-hl,Ceramic,Glossy,Wall
300×450 mm,Gem Crema,Gem Crema Light,gem-crema-light,Ceramic,Glossy,Wall
300×450 mm,Gem Wood,Gem Wood Dark,gem-wood-dark,Ceramic,Glossy,Wall
300×450 mm,Gem Wood,Gem Wood HL,gem-wood-hl,Ceramic,Glossy,Wall
300×450 mm,Gem Wood,Gem Wood Light,gem-wood-light,Ceramic,Glossy,Wall
300×450 mm,Graffit,Graffit Dark,graffit-dark,Ceramic,Glossy,Wall
300×450 mm,Graffit,Graffit HL,graffit-hl,Ceramic,Glossy,Wall
300×450 mm,Graffit,Graffit Light,graffit-light,Ceramic,Glossy,Wall
300×450 mm,Ivy,Ivy Dark,ivy-dark,Ceramic,Glossy,Wall
300×450 mm,Ivy,Ivy HL,ivy-hl,Ceramic,Glossy,Wall
300×450 mm,Ivy,Ivy Light,ivy-light,Ceramic,Glossy,Wall
300×450 mm,Jewel,Jewel Dark,jewel-dark,Ceramic,Glossy,Wall
300×450 mm,Jewel,Jewel HL,jewel-hl,Ceramic,Glossy,Wall
300×450 mm,Jewel,Jewel Light,jewel-light,Ceramic,Glossy,Wall
300×450 mm,Jewel Matt,Jewel Matt Dark,jewel-matt-dark,Ceramic,Matt,Wall
300×450 mm,Jewel Matt,Jewel Matt HL,jewel-matt-hl,Ceramic,Matt,Wall
300×450 mm,Jewel Matt,Jewel Matt Light,jewel-matt-light,Ceramic,Matt,Wall
300×450 mm,Kyoto,Kyoto Dark,kyoto-dark,Ceramic,Matt,Wall
300×450 mm,Kyoto,Kyoto HL,kyoto-hl,Ceramic,Matt,Wall
300×450 mm,Kyoto,Kyoto Light,kyoto-light,Ceramic,Matt,Wall
300×450 mm,Liam,Liam Dark,liam-dark,Ceramic,Glossy,Wall
300×450 mm,Liam,Liam HL,liam-hl,Ceramic,Glossy,Wall
300×450 mm,Liam,Liam Light,liam-light,Ceramic,Glossy,Wall
300×450 mm,Mosaic Dolphin,Mosaic Dolphin Dark,mosaic-dolphin-dark,Ceramic,Glossy,Wall
300×450 mm,Mosaic Dolphin,Mosaic Dolphin HL 01,mosaic-dolphin-hl-01,Ceramic,Glossy,Wall
300×450 mm,Mosaic Dolphin,Mosaic Dolphin HL 02,mosaic-dolphin-hl-02,Ceramic,Glossy,Wall
300×450 mm,Mosaic Dolphin,Mosaic Dolphin Light,mosaic-dolphin-light,Ceramic,Glossy,Wall
300×450 mm,Orson,Orson Dark,orson-dark,Ceramic,Glossy,Wall
300×450 mm,Orson,Orson HL,orson-hl,Ceramic,Glossy,Wall
300×450 mm,Orson,Orson Light,orson-light,Ceramic,Glossy,Wall
300×450 mm,Oyster,Oyster Dark,oyster-dark,Ceramic,Glossy,Wall
300×450 mm,Oyster,Oyster HL,oyster-hl,Ceramic,Glossy,Wall
300×450 mm,Oyster,Oyster Light,oyster-light,Ceramic,Glossy,Wall
300×450 mm,Purple Mist,Purple Mist Dark,purple-mist-dark,Ceramic,Glossy,Wall
300×450 mm,Purple Mist,Purple Mist HL,purple-mist-hl,Ceramic,Glossy,Wall
300×450 mm,Purple Mist,Purple Mist Light,purple-mist-light,Ceramic,Glossy,Wall
300×450 mm,Rachel,Rachel Dark,rachel-dark,Ceramic,Glossy,Wall
300×450 mm,Rachel,Rachel HL,rachel-hl,Ceramic,Glossy,Wall
300×450 mm,Rachel,Rachel Light,rachel-light,Ceramic,Glossy,Wall
300×450 mm,Ritz,Ritz Dark,ritz-dark,Ceramic,Glossy,Wall
300×450 mm,Ritz,Ritz HL,ritz-hl,Ceramic,Glossy,Wall
300×450 mm,Ritz,Ritz Light,ritz-light,Ceramic,Glossy,Wall
300×450 mm,Rocher Pink,Rocher Pink Dark,rocher-pink-dark,Ceramic,Glossy,Wall
300×450 mm,Rocher Pink,Rocher Pink HL 01,rocher-pink-hl-01,Ceramic,Glossy,Wall
300×450 mm,Rocher Pink,Rocher Pink HL 02,rocher-pink-hl-02,Ceramic,Glossy,Wall
300×450 mm,Rocher Pink,Rocher Pink Light,rocher-pink-light,Ceramic,Glossy,Wall
300×450 mm,Rover,Rover Dark,rover-dark,Ceramic,Glossy,Wall
300×450 mm,Rover,Rover HL,rover-hl,Ceramic,Glossy,Wall
300×450 mm,Rover,Rover Light,rover-light,Ceramic,Glossy,Wall
300×450 mm,Satin White,Satin White,satin-white,Ceramic,Matt,Wall
300×450 mm,Satuario,Satuario,satuario,Ceramic,Glossy,Wall
300×450 mm,Savoy,Savoy Dark,savoy-dark,Ceramic,Glossy,Wall
300×450 mm,Savoy,Savoy HL,savoy-hl,Ceramic,Glossy,Wall
300×450 mm,Savoy,Savoy Light,savoy-light,Ceramic,Glossy,Wall
300×450 mm,Swan,Swan Dark,swan-dark,Ceramic,Glossy,Wall
300×450 mm,Swan,Swan HL 01,swan-hl-01,Ceramic,Glossy,Wall
300×450 mm,Swan,Swan HL 02,swan-hl-02,Ceramic,Glossy,Wall
300×450 mm,Swan,Swan Light,swan-light,Ceramic,Glossy,Wall
300×450 mm,Sweden,Sweden Dark,sweden-dark,Ceramic,Glossy,Wall
300×450 mm,Sweden,Sweden HL,sweden-hl,Ceramic,Glossy,Wall
300×450 mm,Sweden,Sweden Light,sweden-light,Ceramic,Glossy,Wall
300×450 mm,Teramo Creme,Teramo Creme Dark,teramo-creme-dark,Ceramic,Glossy,Wall
300×450 mm,Teramo Creme,Teramo Creme HL,teramo-creme-hl,Ceramic,Glossy,Wall
300×450 mm,Teramo Creme,Teramo Creme Light,teramo-creme-light,Ceramic,Glossy,Wall
300×450 mm,Teramo Creme Matt,Teramo Creme Matt Dark,teramo-creme-matt-dark,Ceramic,Matt,Wall
300×450 mm,Teramo Creme Matt,Teramo Creme Matt HL,teramo-creme-matt-hl,Ceramic,Matt,Wall
300×450 mm,Teramo Creme Matt,Teramo Creme Matt Light,teramo-creme-matt-light,Ceramic,Matt,Wall
300×450 mm,Triangle,Triangle Dark,triangle-dark,Ceramic,Glossy,Wall
300×450 mm,Triangle,Triangle HL,triangle-hl,Ceramic,Glossy,Wall
300×450 mm,Triangle,Triangle Light,triangle-light,Ceramic,Glossy,Wall
300×450 mm,Vantel,Vantel Dark,vantel-dark,Ceramic,Glossy,Wall
300×450 mm,Vantel,Vantel HL,vantel-hl,Ceramic,Glossy,Wall
300×450 mm,Vantel,Vantel Light,vantel-light,Ceramic,Glossy,Wall
