Name,Slug,Size,Series,Collection,Category,Finish,Application,Catalog,Has Matching Floor
Alcazar Dark,alcazar-dark,300×450 mm,Alcazar,,Ceramic,Glossy,Wall,wall-300x450,
Alcazar HL,alcazar-hl,300×450 mm,Alcazar,,Ceramic,Glossy,Wall,wall-300x450,
Alcazar Light,alcazar-light,300×450 mm,Alcazar,,Ceramic,Glossy,Wall,wall-300x450,300×300 mm
Alderation Dark,alderation-dark,300×450 mm,Alderation,,Ceramic,Glossy,Wall,wall-300x450,
Alderation HL,alderation-hl,300×450 mm,Alderation,,Ceramic,Glossy,Wall,wall-300x450,
Alderation Light,alderation-light,300×450 mm,Alderation,,Ceramic,Glossy,Wall,wall-300x450,300×300 mm
Atlantica Dark,atlantica-dark,300×450 mm,Atlantica,,Ceramic,Glossy,Wall,wall-300x450,
Atlantica HL 01,atlantica-hl-01,300×450 mm,Atlantica,,Ceramic,Glossy,Wall,wall-300x450,
Atlantica HL 02,atlantica-hl-02,300×450 mm,Atlantica,,Ceramic,Glossy,Wall,wall-300x450,
Atlantica Light,atlantica-light,300×450 mm,Atlantica,,Ceramic,Glossy,Wall,wall-300x450,300×300 mm
Blossom Dark,blossom-dark,300×450 mm,Blossom,,Ceramic,Glossy,Wall,wall-300x450,
Blossom HL,blossom-hl,300×450 mm,Blossom,,Ceramic,Glossy,Wall,wall-300x450,
Blossom Light,blossom-light,300×450 mm,Blossom,,Ceramic,Glossy,Wall,wall-300x450,300×300 mm
Blue Mist Dark,blue-mist-dark,300×450 mm,Blue Mist,,Ceramic,Glossy,Wall,wall-300x450,
Blue Mist HL,blue-mist-hl,300×450 mm,Blue Mist,,Ceramic,Glossy,Wall,wall-300x450,
Blue Mist Light,blue-mist-light,300×450 mm,Blue Mist,,Ceramic,Glossy,Wall,wall-300x450,300×300 mm
Botany Dark,botany-dark,300×450 mm,Botany,,Ceramic,Glossy,Wall,wall-300x450,
Botany HL,botany-hl,300×450 mm,Botany,,Ceramic,Glossy,Wall,wall-300x450,
Botany Light,botany-light,300×450 mm,Botany,,Ceramic,Glossy,Wall,wall-300x450,300×300 mm
Calendula Venezia Dark,calendula-venezia-dark,300×450 mm,Calendula Venezia,,Ceramic,Glossy,Wall,wall-300x450,
Calendula Venezia HL 01,calendula-venezia-hl-01,300×450 mm,Calendula Venezia,,Ceramic,Glossy,Wall,wall-300x450,
Calendula Venezia HL 02,calendula-venezia-hl-02,300×450 mm,Calendula Venezia,,Ceramic,Glossy,Wall,wall-300x450,
Calendula Venezia Light,calendula-venezia-light,300×450 mm,Calendula Venezia,,Ceramic,Glossy,Wall,wall-300x450,300×300 mm
Centro Dark,centro-dark,300×450 mm,Centro,,Ceramic,Glossy,Wall,wall-300x450,
Centro HL,centro-hl,300×450 mm,Centro,,Ceramic,Glossy,Wall,wall-300x450,
Centro Light,centro-light,300×450 mm,Centro,,Ceramic,Glossy,Wall,wall-300x450,300×300 mm
Centro Matt Dark,centro-matt-dark,300×450 mm,Centro Matt,,Ceramic,Matt,Wall,wall-300x450,
Centro Matt HL,centro-matt-hl,300×450 mm,Centro Matt,,Ceramic,Matt,Wall,wall-300x450,
Centro Matt Light,centro-matt-light,300×450 mm,Centro Matt,,Ceramic,Matt,Wall,wall-300x450,300×300 mm
Collage Dark,collage-dark,300×450 mm,Collage,,Ceramic,Glossy,Wall,wall-300x450,
Collage HL,collage-hl,300×450 mm,Collage,,Ceramic,Glossy,Wall,wall-300x450,
Collage Light,collage-light,300×450 mm,Collage,,Ceramic,Glossy,Wall,wall-300x450,300×300 mm
Cubixa Dark,cubixa-dark,300×450 mm,Cubixa,,Ceramic,Glossy,Wall,wall-300x450,
Cubixa HL,cubixa-hl,300×450 mm,Cubixa,,Ceramic,Glossy,Wall,wall-300x450,
Cubixa Light,cubixa-light,300×450 mm,Cubixa,,Ceramic,Glossy,Wall,wall-300x450,300×300 mm
Daltrix Dark,daltrix-dark,300×450 mm,Daltrix,,Ceramic,Glossy,Wall,wall-300x450,
Daltrix HL,daltrix-hl,300×450 mm,Daltrix,,Ceramic,Glossy,Wall,wall-300x450,
Daltrix Light,daltrix-light,300×450 mm,Daltrix,,Ceramic,Glossy,Wall,wall-300x450,300×300 mm
Dark Ivory,dark-ivory,300×450 mm,Dark Ivory,,Ceramic,Glossy,Wall,wall-300x450,
Durben Dark,durben-dark,300×450 mm,Durben,,Ceramic,Glossy,Wall,wall-300x450,
Durben HL,durben-hl,300×450 mm,Durben,,Ceramic,Glossy,Wall,wall-300x450,
Durben Light,durben-light,300×450 mm,Durben,,Ceramic,Glossy,Wall,wall-300x450,300×300 mm
Caliber Beige,caliber-beige,300×450 mm,Elevation,,Ceramic,Matt,Elevation,wall-300x450,
Elenaz Blue,elenaz-blue,300×450 mm,Elevation,,Ceramic,Matt,Elevation,wall-300x450,
Elenaz Multi,elenaz-multi,300×450 mm,Elevation,,Ceramic,Matt,Elevation,wall-300x450,
Elenaz Teak,elenaz-teak,300×450 mm,Elevation,,Ceramic,Matt,Elevation,wall-300x450,
Star Mosaic,star-mosaic,300×450 mm,Elevation,,Ceramic,Matt,Elevation,wall-300x450,
Unser Cold,unser-cold,300×450 mm,Elevation,,Ceramic,Matt,Elevation,wall-300x450,
Unser Dark,unser-dark,300×450 mm,Elevation,,Ceramic,Matt,Elevation,wall-300x450,
Unser Multi,unser-multi,300×450 mm,Elevation,,Ceramic,Matt,Elevation,wall-300x450,
Fade Grey Dark,fade-grey-dark,300×450 mm,Fade Grey,,Ceramic,Glossy,Wall,wall-300x450,
Fade Grey HL,fade-grey-hl,300×450 mm,Fade Grey,,Ceramic,Glossy,Wall,wall-300x450,
Fade Grey Light,fade-grey-light,300×450 mm,Fade Grey,,Ceramic,Glossy,Wall,wall-300x450,300×300 mm
Fade Grey Matt Dark,fade-grey-matt-dark,300×450 mm,Fade Grey Matt,,Ceramic,Matt,Wall,wall-300x450,
Fade Grey Matt HL,fade-grey-matt-hl,300×450 mm,Fade Grey Matt,,Ceramic,Matt,Wall,wall-300x450,
Fade Grey Matt Light,fade-grey-matt-light,300×450 mm,Fade Grey Matt,,Ceramic,Matt,Wall,wall-300x450,300×300 mm
Fern Dark,fern-dark,300×450 mm,Fern,,Ceramic,Glossy,Wall,wall-300x450,
Fern HL,fern-hl,300×450 mm,Fern,,Ceramic,Glossy,Wall,wall-300x450,
Fern Light,fern-light,300×450 mm,Fern,,Ceramic,Glossy,Wall,wall-300x450,300×300 mm
Fern Matt Dark,fern-matt-dark,300×450 mm,Fern Matt,,Ceramic,Matt,Wall,wall-300x450,
Fern Matt HL,fern-matt-hl,300×450 mm,Fern Matt,,Ceramic,Matt,Wall,wall-300x450,
Fern Matt Light,fern-matt-light,300×450 mm,Fern Matt,,Ceramic,Matt,Wall,wall-300x450,300×300 mm
Florida Dark,florida-dark,300×450 mm,Florida,,Ceramic,Glossy,Wall,wall-300x450,
Florida HL,florida-hl,300×450 mm,Florida,,Ceramic,Glossy,Wall,wall-300x450,
Florida Light,florida-light,300×450 mm,Florida,,Ceramic,Glossy,Wall,wall-300x450,300×300 mm
Flowery Dark,flowery-dark,300×450 mm,Flowery,,Ceramic,Matt,Wall,wall-300x450,
Flowery HL 01,flowery-hl-01,300×450 mm,Flowery,,Ceramic,Matt,Wall,wall-300x450,
Flowery HL 02,flowery-hl-02,300×450 mm,Flowery,,Ceramic,Matt,Wall,wall-300x450,
Flowery Light,flowery-light,300×450 mm,Flowery,,Ceramic,Matt,Wall,wall-300x450,300×300 mm
Fusion Dark,fusion-dark,300×450 mm,Fusion,,Ceramic,Matt,Wall,wall-300x450,
Fusion HL,fusion-hl,300×450 mm,Fusion,,Ceramic,Matt,Wall,wall-300x450,
Fusion Light,fusion-light,300×450 mm,Fusion,,Ceramic,Matt,Wall,wall-300x450,300×300 mm
Gabba Dark,gabba-dark,300×450 mm,Gabba,,Ceramic,Glossy,Wall,wall-300x450,
Gabba HL,gabba-hl,300×450 mm,Gabba,,Ceramic,Glossy,Wall,wall-300x450,
Gabba Light,gabba-light,300×450 mm,Gabba,,Ceramic,Glossy,Wall,wall-300x450,300×300 mm
Gem Crema Dark,gem-crema-dark,300×450 mm,Gem Crema,,Ceramic,Glossy,Wall,wall-300x450,
Gem Crema HL,gem-crema-hl,300×450 mm,Gem Crema,,Ceramic,Glossy,Wall,wall-300x450,
Gem Crema Light,gem-crema-light,300×450 mm,Gem Crema,,Ceramic,Glossy,Wall,wall-300x450,300×300 mm
Gem Wood Dark,gem-wood-dark,300×450 mm,Gem Wood,,Ceramic,Glossy,Wall,wall-300x450,
Gem Wood HL,gem-wood-hl,300×450 mm,Gem Wood,,Ceramic,Glossy,Wall,wall-300x450,
Gem Wood Light,gem-wood-light,300×450 mm,Gem Wood,,Ceramic,Glossy,Wall,wall-300x450,300×300 mm
Graffit Dark,graffit-dark,300×450 mm,Graffit,,Ceramic,Glossy,Wall,wall-300x450,
Graffit HL,graffit-hl,300×450 mm,Graffit,,Ceramic,Glossy,Wall,wall-300x450,
Graffit Light,graffit-light,300×450 mm,Graffit,,Ceramic,Glossy,Wall,wall-300x450,300×300 mm
Ivy Dark,ivy-dark,300×450 mm,Ivy,,Ceramic,Glossy,Wall,wall-300x450,
Ivy HL,ivy-hl,300×450 mm,Ivy,,Ceramic,Glossy,Wall,wall-300x450,
Ivy Light,ivy-light,300×450 mm,Ivy,,Ceramic,Glossy,Wall,wall-300x450,300×300 mm
Jewel Dark,jewel-dark,300×450 mm,Jewel,,Ceramic,Glossy,Wall,wall-300x450,
Jewel HL,jewel-hl,300×450 mm,Jewel,,Ceramic,Glossy,Wall,wall-300x450,
Jewel Light,jewel-light,300×450 mm,Jewel,,Ceramic,Glossy,Wall,wall-300x450,300×300 mm
Jewel Matt Dark,jewel-matt-dark,300×450 mm,Jewel Matt,,Ceramic,Matt,Wall,wall-300x450,
Jewel Matt HL,jewel-matt-hl,300×450 mm,Jewel Matt,,Ceramic,Matt,Wall,wall-300x450,
Jewel Matt Light,jewel-matt-light,300×450 mm,Jewel Matt,,Ceramic,Matt,Wall,wall-300x450,300×300 mm
Kettle Dark,kettle-dark,300×450 mm,Kettle,,Ceramic,Glossy,Wall,wall-300x450,
Kettle HL 01,kettle-hl-01,300×450 mm,Kettle,,Ceramic,Glossy,Wall,wall-300x450,
Kettle HL 02,kettle-hl-02,300×450 mm,Kettle,,Ceramic,Glossy,Wall,wall-300x450,
Kettle Light,kettle-light,300×450 mm,Kettle,,Ceramic,Glossy,Wall,wall-300x450,300×300 mm
Kyoto Dark,kyoto-dark,300×450 mm,Kyoto,,Ceramic,Matt,Wall,wall-300x450,
Kyoto HL,kyoto-hl,300×450 mm,Kyoto,,Ceramic,Matt,Wall,wall-300x450,
Kyoto Light,kyoto-light,300×450 mm,Kyoto,,Ceramic,Matt,Wall,wall-300x450,300×300 mm
Liam Dark,liam-dark,300×450 mm,Liam,,Ceramic,Glossy,Wall,wall-300x450,
Liam HL,liam-hl,300×450 mm,Liam,,Ceramic,Glossy,Wall,wall-300x450,
Liam Light,liam-light,300×450 mm,Liam,,Ceramic,Glossy,Wall,wall-300x450,300×300 mm
Ligen Dark,ligen-dark,300×450 mm,Ligen,,Ceramic,Glossy,Wall,wall-300x450,
Ligen HL,ligen-hl,300×450 mm,Ligen,,Ceramic,Glossy,Wall,wall-300x450,
Ligen Light,ligen-light,300×450 mm,Ligen,,Ceramic,Glossy,Wall,wall-300x450,300×300 mm
Light Ivory,light-ivory,300×450 mm,Light Ivory,,Ceramic,Glossy,Wall,wall-300x450,
Mirage Dark,mirage-dark,300×450 mm,Mirage,,Ceramic,Glossy,Wall,wall-300x450,
Mirage HL,mirage-hl,300×450 mm,Mirage,,Ceramic,Glossy,Wall,wall-300x450,
Mirage Light,mirage-light,300×450 mm,Mirage,,Ceramic,Glossy,Wall,wall-300x450,300×300 mm
Mosaic Dark,mosaic-dark,300×450 mm,Mosaic,,Ceramic,Glossy,Wall,wall-300x450,
Mosaic HL,mosaic-hl,300×450 mm,Mosaic,,Ceramic,Glossy,Wall,wall-300x450,
Mosaic Light,mosaic-light,300×450 mm,Mosaic,,Ceramic,Glossy,Wall,wall-300x450,300×300 mm
Mosaic Dolphin Dark,mosaic-dolphin-dark,300×450 mm,Mosaic Dolphin,,Ceramic,Glossy,Wall,wall-300x450,
Mosaic Dolphin HL 01,mosaic-dolphin-hl-01,300×450 mm,Mosaic Dolphin,,Ceramic,Glossy,Wall,wall-300x450,
Mosaic Dolphin HL 02,mosaic-dolphin-hl-02,300×450 mm,Mosaic Dolphin,,Ceramic,Glossy,Wall,wall-300x450,
Mosaic Dolphin Light,mosaic-dolphin-light,300×450 mm,Mosaic Dolphin,,Ceramic,Glossy,Wall,wall-300x450,300×300 mm
Ocean Dark,ocean-dark,300×450 mm,Ocean,,Ceramic,Glossy,Wall,wall-300x450,
Ocean HL 01,ocean-hl-01,300×450 mm,Ocean,,Ceramic,Glossy,Wall,wall-300x450,
Ocean HL 02,ocean-hl-02,300×450 mm,Ocean,,Ceramic,Glossy,Wall,wall-300x450,
Ocean Light,ocean-light,300×450 mm,Ocean,,Ceramic,Glossy,Wall,wall-300x450,300×300 mm
Orson Dark,orson-dark,300×450 mm,Orson,,Ceramic,Glossy,Wall,wall-300x450,
Orson HL,orson-hl,300×450 mm,Orson,,Ceramic,Glossy,Wall,wall-300x450,
Orson Light,orson-light,300×450 mm,Orson,,Ceramic,Glossy,Wall,wall-300x450,300×300 mm
Oyster Dark,oyster-dark,300×450 mm,Oyster,,Ceramic,Glossy,Wall,wall-300x450,
Oyster HL,oyster-hl,300×450 mm,Oyster,,Ceramic,Glossy,Wall,wall-300x450,
Oyster Light,oyster-light,300×450 mm,Oyster,,Ceramic,Glossy,Wall,wall-300x450,300×300 mm
Plain White,plain-white,300×450 mm,Plain White,,Ceramic,Glossy,Wall,wall-300x450,
Pristine Grey Dark,pristine-grey-dark,300×450 mm,Pristine Grey,,Ceramic,Glossy,Wall,wall-300x450,
Pristine Grey HL,pristine-grey-hl,300×450 mm,Pristine Grey,,Ceramic,Glossy,Wall,wall-300x450,
Pristine Grey Light,pristine-grey-light,300×450 mm,Pristine Grey,,Ceramic,Glossy,Wall,wall-300x450,300×300 mm
Purple Dark,purple-dark,300×450 mm,Purple,,Ceramic,Glossy,Wall,wall-300x450,
Purple HL,purple-hl,300×450 mm,Purple,,Ceramic,Glossy,Wall,wall-300x450,
Purple Light,purple-light,300×450 mm,Purple,,Ceramic,Glossy,Wall,wall-300x450,300×300 mm
Purple Mist Dark,purple-mist-dark,300×450 mm,Purple Mist,,Ceramic,Glossy,Wall,wall-300x450,
Purple Mist HL,purple-mist-hl,300×450 mm,Purple Mist,,Ceramic,Glossy,Wall,wall-300x450,
Purple Mist Light,purple-mist-light,300×450 mm,Purple Mist,,Ceramic,Glossy,Wall,wall-300x450,300×300 mm
Rachel Dark,rachel-dark,300×450 mm,Rachel,,Ceramic,Glossy,Wall,wall-300x450,
Rachel HL,rachel-hl,300×450 mm,Rachel,,Ceramic,Glossy,Wall,wall-300x450,
Rachel Light,rachel-light,300×450 mm,Rachel,,Ceramic,Glossy,Wall,wall-300x450,300×300 mm
Richmond Dark,richmond-dark,300×450 mm,Richmond,,Ceramic,Glossy,Wall,wall-300x450,
Richmond HL 01,richmond-hl-01,300×450 mm,Richmond,,Ceramic,Glossy,Wall,wall-300x450,
Richmond HL 02,richmond-hl-02,300×450 mm,Richmond,,Ceramic,Glossy,Wall,wall-300x450,
Richmond Light,richmond-light,300×450 mm,Richmond,,Ceramic,Glossy,Wall,wall-300x450,300×300 mm
Ritz Dark,ritz-dark,300×450 mm,Ritz,,Ceramic,Glossy,Wall,wall-300x450,
Ritz HL,ritz-hl,300×450 mm,Ritz,,Ceramic,Glossy,Wall,wall-300x450,
Ritz Light,ritz-light,300×450 mm,Ritz,,Ceramic,Glossy,Wall,wall-300x450,300×300 mm
Rocher Pink Dark,rocher-pink-dark,300×450 mm,Rocher Pink,,Ceramic,Glossy,Wall,wall-300x450,
Rocher Pink HL 01,rocher-pink-hl-01,300×450 mm,Rocher Pink,,Ceramic,Glossy,Wall,wall-300x450,
Rocher Pink HL 02,rocher-pink-hl-02,300×450 mm,Rocher Pink,,Ceramic,Glossy,Wall,wall-300x450,
Rocher Pink Light,rocher-pink-light,300×450 mm,Rocher Pink,,Ceramic,Glossy,Wall,wall-300x450,
Rover Dark,rover-dark,300×450 mm,Rover,,Ceramic,Glossy,Wall,wall-300x450,
Rover HL,rover-hl,300×450 mm,Rover,,Ceramic,Glossy,Wall,wall-300x450,
Rover Light,rover-light,300×450 mm,Rover,,Ceramic,Glossy,Wall,wall-300x450,300×300 mm
Satin White,satin-white,300×450 mm,Satin White,,Ceramic,Matt,Wall,wall-300x450,
Satuario,satuario,300×450 mm,Satuario,,Ceramic,Glossy,Wall,wall-300x450,
Savoy Dark,savoy-dark,300×450 mm,Savoy,,Ceramic,Glossy,Wall,wall-300x450,
Savoy HL,savoy-hl,300×450 mm,Savoy,,Ceramic,Glossy,Wall,wall-300x450,
Savoy Light,savoy-light,300×450 mm,Savoy,,Ceramic,Glossy,Wall,wall-300x450,300×300 mm
Shangrila Dark,shangrila-dark,300×450 mm,Shangrila,,Ceramic,Glossy,Wall,wall-300x450,
Shangrila HL,shangrila-hl,300×450 mm,Shangrila,,Ceramic,Glossy,Wall,wall-300x450,
Shangrila Light,shangrila-light,300×450 mm,Shangrila,,Ceramic,Glossy,Wall,wall-300x450,300×300 mm
Silken Malena Dark,silken-malena-dark,300×450 mm,Silken Malena,,Ceramic,Glossy,Wall,wall-300x450,
Silken Malena HL 01,silken-malena-hl-01,300×450 mm,Silken Malena,,Ceramic,Glossy,Wall,wall-300x450,
Silken Malena HL 02,silken-malena-hl-02,300×450 mm,Silken Malena,,Ceramic,Glossy,Wall,wall-300x450,
Silken Malena Light,silken-malena-light,300×450 mm,Silken Malena,,Ceramic,Glossy,Wall,wall-300x450,300×300 mm
Swan Dark,swan-dark,300×450 mm,Swan,,Ceramic,Glossy,Wall,wall-300x450,
Swan HL 01,swan-hl-01,300×450 mm,Swan,,Ceramic,Glossy,Wall,wall-300x450,
Swan HL 02,swan-hl-02,300×450 mm,Swan,,Ceramic,Glossy,Wall,wall-300x450,
Swan Light,swan-light,300×450 mm,Swan,,Ceramic,Glossy,Wall,wall-300x450,300×300 mm
Sweden Dark,sweden-dark,300×450 mm,Sweden,,Ceramic,Glossy,Wall,wall-300x450,
Sweden HL,sweden-hl,300×450 mm,Sweden,,Ceramic,Glossy,Wall,wall-300x450,
Sweden Light,sweden-light,300×450 mm,Sweden,,Ceramic,Glossy,Wall,wall-300x450,300×300 mm
Teramo Creme Dark,teramo-creme-dark,300×450 mm,Teramo Creme,,Ceramic,Glossy,Wall,wall-300x450,
Teramo Creme HL,teramo-creme-hl,300×450 mm,Teramo Creme,,Ceramic,Glossy,Wall,wall-300x450,
Teramo Creme Light,teramo-creme-light,300×450 mm,Teramo Creme,,Ceramic,Glossy,Wall,wall-300x450,300×300 mm
Teramo Creme Matt Dark,teramo-creme-matt-dark,300×450 mm,Teramo Creme Matt,,Ceramic,Matt,Wall,wall-300x450,
Teramo Creme Matt HL,teramo-creme-matt-hl,300×450 mm,Teramo Creme Matt,,Ceramic,Matt,Wall,wall-300x450,
Teramo Creme Matt Light,teramo-creme-matt-light,300×450 mm,Teramo Creme Matt,,Ceramic,Matt,Wall,wall-300x450,300×300 mm
Bajrapani Thangka,bajrapani-thangka,300×450 mm,Thangka Art,Thangka Art,Art,Glossy,Art Panel,spirit-of-nepal,
Trevertino Dark,trevertino-dark,300×450 mm,Trevertino,,Ceramic,Glossy,Wall,wall-300x450,
Trevertino HL,trevertino-hl,300×450 mm,Trevertino,,Ceramic,Glossy,Wall,wall-300x450,
Trevertino Light,trevertino-light,300×450 mm,Trevertino,,Ceramic,Glossy,Wall,wall-300x450,300×300 mm
Triangle Dark,triangle-dark,300×450 mm,Triangle,,Ceramic,Glossy,Wall,wall-300x450,
Triangle HL,triangle-hl,300×450 mm,Triangle,,Ceramic,Glossy,Wall,wall-300x450,
Triangle Light,triangle-light,300×450 mm,Triangle,,Ceramic,Glossy,Wall,wall-300x450,300×300 mm
Vantel Dark,vantel-dark,300×450 mm,Vantel,,Ceramic,Glossy,Wall,wall-300x450,
Vantel HL,vantel-hl,300×450 mm,Vantel,,Ceramic,Glossy,Wall,wall-300x450,
Vantel Light,vantel-light,300×450 mm,Vantel,,Ceramic,Glossy,Wall,wall-300x450,300×300 mm
Vase Dark,vase-dark,300×450 mm,Vase,,Ceramic,Glossy,Wall,wall-300x450,
Vase HL,vase-hl,300×450 mm,Vase,,Ceramic,Glossy,Wall,wall-300x450,
Vase Light,vase-light,300×450 mm,Vase,,Ceramic,Glossy,Wall,wall-300x450,300×300 mm
Acklam Blue Dark,acklam-blue-dark,300×600 mm,Acklam Blue,,Ceramic,Glossy,Wall,wall-300x600,
Acklam Blue HL1,acklam-blue-hl-1,300×600 mm,Acklam Blue,,Ceramic,Glossy,Wall,wall-300x600,
Acklam Blue HL2,acklam-blue-hl-2,300×600 mm,Acklam Blue,,Ceramic,Glossy,Wall,wall-300x600,
Acklam Blue Light,acklam-blue-light,300×600 mm,Acklam Blue,,Ceramic,Glossy,Wall,wall-300x600,300×300 mm
Brick Beige,brick-beige,300×600 mm,Brick Beige,,Ceramic,Matt,Elevation,wall-300x600,
Brick Blue,brick-blue,300×600 mm,Brick Blue,,Ceramic,Matt,Elevation,wall-300x600,
Brick Multi,brick-multi,300×600 mm,Brick Multi,,Ceramic,Matt,Elevation,wall-300x600,
Brick Natural,brick-natural,300×600 mm,Brick Natural,,Ceramic,Matt,Elevation,wall-300x600,
Brick Nero,brick-nero,300×600 mm,Brick Nero,,Ceramic,Matt,Elevation,wall-300x600,
Brick Slate,brick-slate,300×600 mm,Brick Slate,,Ceramic,Matt,Elevation,wall-300x600,
Carrara,carrara,300×600 mm,Carrara,,Ceramic,Glossy,Wall,wall-300x600,
Infinity Grey,infinity-grey,300×600 mm,Infinity,,Ceramic,Glossy,Wall,wall-300x600,
Infinity Slate,infinity-slate,300×600 mm,Infinity,,Ceramic,Glossy,Wall,wall-300x600,
James Dark,james-dark,300×600 mm,James,,Ceramic,Glossy,Wall,wall-300x600,
James HL,james-hl,300×600 mm,James,,Ceramic,Glossy,Wall,wall-300x600,
James Light,james-light,300×600 mm,James,,Ceramic,Glossy,Wall,wall-300x600,300×300 mm
Bhaktapur Itta,bhaktapur-itta,300×600 mm,Kasthamandap,Kasthamandap,Cultural Heritage,Matt,Wall & Floor,spirit-of-nepal,
Chinese Itta,chinese-itta,300×600 mm,Kasthamandap,Kasthamandap,Cultural Heritage,Matt,Wall & Floor,spirit-of-nepal,
Dachi Appa Red Glossy,dachi-appa-red-glossy,300×600 mm,Kasthamandap,Kasthamandap,Cultural Heritage,Glossy,Wall,spirit-of-nepal,
Dachi Appa Red Matt,dachi-appa-red-matt,300×600 mm,Kasthamandap,Kasthamandap,Cultural Heritage,Matt,Wall & Floor,spirit-of-nepal,
Lalitpur Red,lalitpur-red,300×600 mm,Kasthamandap,Kasthamandap,Cultural Heritage,Matt,Wall & Floor,spirit-of-nepal,
Patan Rato,patan-rato,300×600 mm,Kasthamandap,Kasthamandap,Cultural Heritage,Matt,Wall & Floor,spirit-of-nepal,
Terracotta Gold,terracotta-gold,300×600 mm,Kasthamandap,Kasthamandap,Cultural Heritage,Matt,Wall & Floor,spirit-of-nepal,
Lavena Dark,lavena-dark,300×600 mm,Lavena,,Ceramic,Glossy,Wall,wall-300x600,
Lavena Grey,lavena-grey,300×600 mm,Lavena,,Ceramic,Glossy,Wall,wall-300x600,
Lignum Dark,lignum-dark,300×600 mm,Lignum,,Ceramic,Glossy,Wall,wall-300x600,
Lignum HL,lignum-hl,300×600 mm,Lignum,,Ceramic,Glossy,Wall,wall-300x600,
Lignum Light,lignum-light,300×600 mm,Lignum,,Ceramic,Glossy,Wall,wall-300x600,300×300 mm
Mithila Art - Buddha,mithila-buddha,300×600 mm,Mithila Art,Mithila Art,Art,Glossy,Art Panel,spirit-of-nepal,
Mithila Art - Chatth Puja,mithila-chatth-puja,300×600 mm,Mithila Art,Mithila Art,Art,Glossy,Art Panel,spirit-of-nepal,
Mithila Art - Janki Bibaha,mithila-janki-bibaha,300×600 mm,Mithila Art,Mithila Art,Art,Glossy,Art Panel,spirit-of-nepal,
Mithila Art - Mayur Prem Lila,mithila-mayur-prem-lila,300×600 mm,Mithila Art,Mithila Art,Art,Glossy,Art Panel,spirit-of-nepal,
Mithila Art - Ram Sita Swayamber,mithila-ram-sita,300×600 mm,Mithila Art,Mithila Art,Art,Glossy,Art Panel,spirit-of-nepal,
Mithila Art - Rassleela,mithila-rassleela,300×600 mm,Mithila Art,Mithila Art,Art,Glossy,Art Panel,spirit-of-nepal,
Mustang Khairo,mustang-khairo,300×600 mm,Mustang,Mustang,Stone Look,Matt,Wall & Floor,spirit-of-nepal,
Noble Black,noble-black,300×600 mm,Noble White,,Ceramic,Glossy,Wall,wall-300x600,
Aqua Dhaka Dark,aqua-dhaka-dark,300×600 mm,Palpali Dhaka,Palpali Dhaka,Cultural Heritage,Glossy,Wall,spirit-of-nepal,
Aqua Dhaka HL,aqua-dhaka-hl,300×600 mm,Palpali Dhaka,Palpali Dhaka,Cultural Heritage,Glossy,Wall,spirit-of-nepal,
Aqua Dhaka Light,aqua-dhaka-light,300×600 mm,Palpali Dhaka,Palpali Dhaka,Cultural Heritage,Glossy,Wall,spirit-of-nepal,
Gurans Hazy Dhaka Dark,gurans-hazy-dhaka-dark,300×600 mm,Palpali Dhaka,Palpali Dhaka,Cultural Heritage,Glossy,Wall,spirit-of-nepal,
Gurans Hazy Dhaka HL,gurans-hazy-dhaka-hl,300×600 mm,Palpali Dhaka,Palpali Dhaka,Cultural Heritage,Glossy,Wall,spirit-of-nepal,
Gurans Hazy Dhaka Light,gurans-hazy-dhaka-light,300×600 mm,Palpali Dhaka,Palpali Dhaka,Cultural Heritage,Glossy,Wall,spirit-of-nepal,
Gurans Red Dhaka Dark,gurans-red-dhaka-dark,300×600 mm,Palpali Dhaka,Palpali Dhaka,Cultural Heritage,Glossy,Wall,spirit-of-nepal,
Gurans Red Dhaka HL,gurans-red-dhaka-hl,300×600 mm,Palpali Dhaka,Palpali Dhaka,Cultural Heritage,Glossy,Wall,spirit-of-nepal,
Gurans Red Dhaka Light,gurans-red-dhaka-light,300×600 mm,Palpali Dhaka,Palpali Dhaka,Cultural Heritage,Glossy,Wall,spirit-of-nepal,
Tweed Dhaka Dark,tweed-dhaka-dark,300×600 mm,Palpali Dhaka,Palpali Dhaka,Cultural Heritage,Glossy,Wall,spirit-of-nepal,
Tweed Dhaka HL,tweed-dhaka-hl,300×600 mm,Palpali Dhaka,Palpali Dhaka,Cultural Heritage,Glossy,Wall,spirit-of-nepal,
Tweed Dhaka Light,tweed-dhaka-light,300×600 mm,Palpali Dhaka,Palpali Dhaka,Cultural Heritage,Glossy,Wall,spirit-of-nepal,
Chipledhunga Slate,chipledhunga-slate,300×600 mm,Pokhareli,Pokhareli,Stone Look,Matt,Wall & Floor,spirit-of-nepal,
Gandaki Pattern,gandaki-pattern,300×600 mm,Pokhareli,Pokhareli,Stone Look,Matt,Wall & Floor,spirit-of-nepal,
Kaski Ash,kaski-ash,300×600 mm,Pokhareli,Pokhareli,Stone Look,Matt,Wall & Floor,spirit-of-nepal,
Lamjung Gold,lamjung-gold,300×600 mm,Pokhareli,Pokhareli,Stone Look,Matt,Wall & Floor,spirit-of-nepal,
Pokhareli Grey,pokhareli-grey,300×600 mm,Pokhareli,Pokhareli,Stone Look,Matt,Wall & Floor,spirit-of-nepal,
Waling Mosaic,waling-mosaic,300×600 mm,Pokhareli,Pokhareli,Stone Look,Matt,Wall & Floor,spirit-of-nepal,
Terracotta,terracotta,300×600 mm,Terracotta,,Ceramic,Matt,Elevation,wall-300x600,
Akshobhya Mandala,akshobhya-mandala,300×600 mm,Thangka Art,Thangka Art,Art,Glossy,Art Panel,spirit-of-nepal,
Green Tara Thangka,green-tara-thangka,300×600 mm,Thangka Art,Thangka Art,Art,Glossy,Art Panel,spirit-of-nepal,
Manjushri Thangka,manjushri-thangka,300×600 mm,Thangka Art,Thangka Art,Art,Glossy,Art Panel,spirit-of-nepal,
Canterbury Beige,canterbury-beige,600×1200 mm,Carving,,Glazed Vitrified,Carving,Floor,eleganz-600x1200,
Godawari Marble Dotted Crema Viens,godawari-marble-dotted-crema-viens-1200,600×1200 mm,Carving,,Glazed Vitrified,Carving,Wall & Floor,eleganz-600x1200,
Pulpis Brown,pulpis-brown,600×1200 mm,Carving,,Glazed Vitrified,Carving,Floor,eleganz-600x1200,
Pulpis Crema,pulpis-crema,600×1200 mm,Carving,,Glazed Vitrified,Carving,Floor,eleganz-600x1200,
Pulpis Dark Grey,pulpis-dark-grey,600×1200 mm,Carving,,Glazed Vitrified,Carving,Floor,eleganz-600x1200,
Pulpis Grey,pulpis-grey,600×1200 mm,Carving,,Glazed Vitrified,Carving,Floor,eleganz-600x1200,
Pulpis Light Grey,pulpis-light-grey,600×1200 mm,Carving,,Glazed Vitrified,Carving,Floor,eleganz-600x1200,
Sicilia Taupe,sicilia-taupe,600×1200 mm,Carving,,Glazed Vitrified,Carving,Floor,eleganz-600x1200,
Staturio Phenix,staturio-phenix,600×1200 mm,Carving,,Glazed Vitrified,Carving,Wall & Floor,eleganz-600x1200,
Terrazzo White,terrazzo-white,600×1200 mm,Carving,,Glazed Vitrified,Carving,Floor,eleganz-600x1200,
Botticino,botticino-600x1200,600×1200 mm,Glossy,,Glazed Vitrified,Glossy,Floor,eleganz-600x1200,
Fantasy Crema,fantasy-crema,600×1200 mm,Glossy,,Glazed Vitrified,Glossy,Floor,eleganz-600x1200,
Fantasy Crema Decor,fantasy-crema-decor,600×1200 mm,Glossy,,Glazed Vitrified,Glossy,Wall & Floor,eleganz-600x1200,
Graphite Silver,graphite-silver,600×1200 mm,Glossy,,Glazed Vitrified,Glossy,Floor,eleganz-600x1200,
Grey Imperial,grey-imperial,600×1200 mm,Glossy,,Glazed Vitrified,Glossy,Floor,eleganz-600x1200,
Grey William,grey-william,600×1200 mm,Glossy,,Glazed Vitrified,Glossy,Floor,eleganz-600x1200,
Madison Grey,madison-grey,600×1200 mm,Glossy,,Glazed Vitrified,Glossy,Floor,eleganz-600x1200,
Natural Onyx,natural-onyx,600×1200 mm,Glossy,,Glazed Vitrified,Glossy,Floor,eleganz-600x1200,
Rocado,rocado,600×1200 mm,Glossy,,Glazed Vitrified,Glossy,Floor,eleganz-600x1200,
Rocado Decor,rocado-decor,600×1200 mm,Glossy,,Glazed Vitrified,Glossy,Wall & Floor,eleganz-600x1200,
Shimmer Onyx,shimmer-onyx,600×1200 mm,Glossy,,Glazed Vitrified,Glossy,Floor,eleganz-600x1200,
Silken Gris,silken-gris,600×1200 mm,Glossy,,Glazed Vitrified,Glossy,Floor,eleganz-600x1200,
Silken Gris Decor,silken-gris-decor,600×1200 mm,Glossy,,Glazed Vitrified,Glossy,Wall & Floor,eleganz-600x1200,
Statuario Antico,statuario-antico,600×1200 mm,Glossy,,Glazed Vitrified,Glossy,Floor,eleganz-600x1200,
Statuario Antico Decor,statuario-antico-decor,600×1200 mm,Glossy,,Glazed Vitrified,Glossy,Wall & Floor,eleganz-600x1200,
Statuario Ice,statuario-ice,600×1200 mm,Glossy,,Glazed Vitrified,Glossy,Floor,eleganz-600x1200,
Statuario Ice Decor,statuario-ice-decor,600×1200 mm,Glossy,,Glazed Vitrified,Glossy,Wall & Floor,eleganz-600x1200,
Amazonite Blue,amazonite-blue,600×1200 mm,High Gloss,,Glazed Vitrified,High Gloss,Wall & Floor,eleganz-600x1200,
Aqua Marine,aqua-marine,600×1200 mm,High Gloss,,Glazed Vitrified,High Gloss,Wall & Floor,eleganz-600x1200,
Azure Aqua,azure-aqua,600×1200 mm,High Gloss,,Glazed Vitrified,High Gloss,Wall & Floor,eleganz-600x1200,
Cardinal Brown,cardinal-brown,600×1200 mm,High Gloss,,Glazed Vitrified,High Gloss,Wall & Floor,eleganz-600x1200,
Emerald Green,emerald-green,600×1200 mm,High Gloss,,Glazed Vitrified,High Gloss,Wall & Floor,eleganz-600x1200,
Emperador Brown,emperador-brown-1200,600×1200 mm,High Gloss,,Glazed Vitrified,High Gloss,Floor,eleganz-600x1200,
Nero Marquina,nero-marquina,600×1200 mm,High Gloss,,Glazed Vitrified,High Gloss,Floor,eleganz-600x1200,
Obsidian Blue,obsidian-blue,600×1200 mm,High Gloss,,Glazed Vitrified,High Gloss,Wall & Floor,eleganz-600x1200,
Portoro Black,portoro-black,600×1200 mm,High Gloss,,Glazed Vitrified,High Gloss,Wall & Floor,eleganz-600x1200,
Sanibell White,sanibell-white,600×1200 mm,High Gloss,,Glazed Vitrified,High Gloss,Floor,eleganz-600x1200,
Volcanic Blue,volcanic-blue,600×1200 mm,High Gloss,,Glazed Vitrified,High Gloss,Wall & Floor,eleganz-600x1200,
Bedrock Brown,bedrock-brown,600×1200 mm,Matt,,Glazed Vitrified,Matt,Floor,eleganz-600x1200,
Bedrock Brown Decor,bedrock-brown-decor,600×1200 mm,Matt,,Glazed Vitrified,Matt,Wall & Floor,eleganz-600x1200,
Bedrock Crema,bedrock-crema,600×1200 mm,Matt,,Glazed Vitrified,Matt,Floor,eleganz-600x1200,
Bedrock Decor,bedrock-decor,600×1200 mm,Matt,,Glazed Vitrified,Matt,Wall & Floor,eleganz-600x1200,
Bedrock Light,bedrock-light,600×1200 mm,Matt,,Glazed Vitrified,Matt,Floor,eleganz-600x1200,
Castle Beige,castle-beige,600×1200 mm,Matt,,Glazed Vitrified,Matt,Floor,eleganz-600x1200,
Castle Beige Decor,castle-beige-decor,600×1200 mm,Matt,,Glazed Vitrified,Matt,Wall & Floor,eleganz-600x1200,
Castle Green,castle-green,600×1200 mm,Matt,,Glazed Vitrified,Matt,Floor,eleganz-600x1200,
Castle Green Decor,castle-green-decor,600×1200 mm,Matt,,Glazed Vitrified,Matt,Wall & Floor,eleganz-600x1200,
Castle Grey,castle-grey,600×1200 mm,Matt,,Glazed Vitrified,Matt,Floor,eleganz-600x1200,
Castle Grey Decor,castle-grey-decor,600×1200 mm,Matt,,Glazed Vitrified,Matt,Wall & Floor,eleganz-600x1200,
Castle Light Grey,castle-light-grey,600×1200 mm,Matt,,Glazed Vitrified,Matt,Floor,eleganz-600x1200,
Driftwood Classic,driftwood-classic-1200,600×1200 mm,Matt,,Wood Look,Matt,Floor,eleganz-600x1200,
Woody Cedar,woody-cedar,600×1200 mm,Matt,,Wood Look,Matt,Floor,eleganz-600x1200,
Woody Grey,woody-grey,600×1200 mm,Matt,,Wood Look,Matt,Floor,eleganz-600x1200,
Woody Teak,woody-teak,600×1200 mm,Matt,,Wood Look,Matt,Floor,eleganz-600x1200,
Woody Teak Decor,woody-teak-decor,600×1200 mm,Matt,,Wood Look,Matt,Floor,eleganz-600x1200,
Woody Walnut,woody-walnut,600×1200 mm,Matt,,Wood Look,Matt,Floor,eleganz-600x1200,
Woody Walnut Decor,woody-walnut-decor,600×1200 mm,Matt,,Wood Look,Matt,Floor,eleganz-600x1200,
Armani Bianca,armani-bianca,600×600 mm,Elegant,,Vitrified,Matt,Floor,vitrified-600x600,
Armani Sun,armani-sun,600×600 mm,Elegant,,Vitrified,Matt,Floor,vitrified-600x600,
Armani White,armani-white,600×600 mm,Elegant,,Vitrified,Matt,Floor,vitrified-600x600,
Cloudy Beige,cloudy-beige,600×600 mm,Elegant,,Vitrified,Matt,Floor,vitrified-600x600,
Cloudy Grey,cloudy-grey,600×600 mm,Elegant,,Vitrified,Matt,Floor,vitrified-600x600,
Cloudy Marfil,cloudy-marfil,600×600 mm,Elegant,,Vitrified,Matt,Floor,vitrified-600x600,
Dyna Camel,dyna-camel,600×600 mm,Elegant,,Vitrified,Matt,Floor,vitrified-600x600,
Dyna Natural,dyna-natural,600×600 mm,Elegant,,Vitrified,Matt,Floor,vitrified-600x600,
Griege Beige,griege-beige,600×600 mm,Elegant,,Vitrified,Matt,Floor,vitrified-600x600,
Griege Grey,griege-grey,600×600 mm,Elegant,,Vitrified,Matt,Floor,vitrified-600x600,
Lenox Beige,lenox-beige,600×600 mm,Elegant,,Vitrified,Matt,Floor,vitrified-600x600,
Lenox Grey,lenox-grey,600×600 mm,Elegant,,Vitrified,Matt,Floor,vitrified-600x600,
Sand Beige,sand-beige,600×600 mm,Elegant,,Vitrified,Matt,Floor,vitrified-600x600,
Smoky Beige,smoky-beige,600×600 mm,Elegant,,Vitrified,Matt,Floor,vitrified-600x600,
Smoky Blue,smoky-blue,600×600 mm,Elegant,,Vitrified,Matt,Floor,vitrified-600x600,
Smoky Choco,smoky-choco,600×600 mm,Elegant,,Vitrified,Matt,Floor,vitrified-600x600,
Smoky Dark,smoky-dark,600×600 mm,Elegant,,Vitrified,Matt,Floor,vitrified-600x600,
Smoky Grey,smoky-grey,600×600 mm,Elegant,,Vitrified,Matt,Floor,vitrified-600x600,
Smoky Taupe,smoky-taupe,600×600 mm,Elegant,,Vitrified,Matt,Floor,vitrified-600x600,
Venise,venise,600×600 mm,Elegant,,Vitrified,Matt,Floor,vitrified-600x600,
Vinyl Blue,vinyl-blue,600×600 mm,Elegant,,Vitrified,Matt,Floor,vitrified-600x600,
Vinyl Grey,vinyl-grey,600×600 mm,Elegant,,Vitrified,Matt,Floor,vitrified-600x600,
Zotak Beige,zotak-beige,600×600 mm,Elegant,,Vitrified,Matt,Floor,vitrified-600x600,
Zotak Brown,zotak-brown,600×600 mm,Elegant,,Vitrified,Matt,Floor,vitrified-600x600,
Zotak Grey,zotak-grey,600×600 mm,Elegant,,Vitrified,Matt,Floor,vitrified-600x600,
Zotak Marfil,zotak-marfil,600×600 mm,Elegant,,Vitrified,Matt,Floor,vitrified-600x600,
Zotak Slate,zotak-slate,600×600 mm,Elegant,,Vitrified,Matt,Floor,vitrified-600x600,
Botticino,botticino,600×600 mm,Glossy,,Vitrified,Glossy,Floor,vitrified-600x600,
Breccia,breccia,600×600 mm,Glossy,,Vitrified,Glossy,Floor,vitrified-600x600,
Carrara,carrara,600×600 mm,Glossy,,Vitrified,Glossy,Floor,vitrified-600x600,
Emperador Brown,emperador-brown,600×600 mm,Glossy,,Vitrified,Glossy,Floor,vitrified-600x600,
Onyx,onyx,600×600 mm,Glossy,,Vitrified,Glossy,Floor,vitrified-600x600,
Tiama Teak,tiama-teak,600×600 mm,Glossy,,Vitrified,Satin,Floor,vitrified-600x600,
Godawari Marble Beige,godawari-marble-beige,600×600 mm,Godawari Marble,Godawari Marble,Marble Look,Glossy,Floor,spirit-of-nepal,
Godawari Marble Biege Viens,godawari-marble-biege-viens,600×600 mm,Godawari Marble,Godawari Marble,Marble Look,Carving,Floor,spirit-of-nepal,
Godawari Marble Dotted Crema,godawari-marble-dotted-crema,600×600 mm,Godawari Marble,Godawari Marble,Marble Look,Glossy,Floor,spirit-of-nepal,
Godawari Marble Dotted Crema Viens,godawari-marble-dotted-crema-viens,600×600 mm,Godawari Marble,Godawari Marble,Marble Look,Carving,Floor,spirit-of-nepal,
Marvel Bright,marvel-bright,600×600 mm,Marble,,Marble Look,Matt,Floor,vitrified-600x600,
Sigma Bianco Random,sigma-bianco-random,600×600 mm,Marble,,Marble Look,Matt,Floor,vitrified-600x600,
Sigma Gold,sigma-gold,600×600 mm,Marble,,Marble Look,Matt,Floor,vitrified-600x600,
Windy Smug,windy-smug,600×600 mm,Marble,,Marble Look,Matt,Floor,vitrified-600x600,
Cemento Slate,cemento-slate,600×600 mm,Monochrome,,Monochrome,Matt,Floor,vitrified-600x600,
Cryptic Pink Endless,cryptic-pink-endless,600×600 mm,Monochrome,,Monochrome,Matt,Floor,vitrified-600x600,
Dark Ivory,dark-ivory,600×600 mm,Monochrome,,Monochrome,Matt,Floor,vitrified-600x600,
Echo Beige,echo-beige,600×600 mm,Monochrome,,Monochrome,Matt,Floor,vitrified-600x600,
Echo Grey,echo-grey,600×600 mm,Monochrome,,Monochrome,Matt,Floor,vitrified-600x600,
Plain Ivory,plain-ivory,600×600 mm,Monochrome,,Monochrome,Matt,Floor,vitrified-600x600,
Plain White,plain-white,600×600 mm,Monochrome,,Monochrome,Matt,Floor,vitrified-600x600,
Pleasant Beige,pleasant-beige,600×600 mm,Monochrome,,Monochrome,Matt,Floor,vitrified-600x600,
Pleasant White,pleasant-white,600×600 mm,Monochrome,,Monochrome,Matt,Floor,vitrified-600x600,
Antiquity Biege,antiquity-biege,600×600 mm,Stone,,Stone Look,Matt,Floor,vitrified-600x600,
Antiquity Grey,antiquity-grey,600×600 mm,Stone,,Stone Look,Matt,Floor,vitrified-600x600,
Antiquity Multi,antiquity-multi,600×600 mm,Stone,,Stone Look,Matt,Floor,vitrified-600x600,
Norwich Biege,norwich-biege,600×600 mm,Stone,,Stone Look,Matt,Floor,vitrified-600x600,
Norwich Grey,norwich-grey,600×600 mm,Stone,,Stone Look,Matt,Floor,vitrified-600x600,
Norwich Light Grey,norwich-light-grey,600×600 mm,Stone,,Stone Look,Matt,Floor,vitrified-600x600,
Norwich Marfl,norwich-marfl,600×600 mm,Stone,,Stone Look,Matt,Floor,vitrified-600x600,
Norwich Nero,norwich-nero,600×600 mm,Stone,,Stone Look,Matt,Floor,vitrified-600x600,
Bright Log,bright-log,600×600 mm,Wooden,,Wood Look,Matt,Floor,vitrified-600x600,
Driftwood Ash,driftwood-ash,600×600 mm,Wooden,,Wood Look,Matt,Floor,vitrified-600x600,
Driftwood Classic,driftwood-classic,600×600 mm,Wooden,,Wood Look,Matt,Floor,vitrified-600x600,
Driftwood Teak,driftwood-teak,600×600 mm,Wooden,,Wood Look,Matt,Floor,vitrified-600x600,
Edged Wood,edged-wood,600×600 mm,Wooden,,Wood Look,Matt,Floor,vitrified-600x600,
Eleganza Teak,eleganza-teak,600×600 mm,Wooden,,Wood Look,Matt,Floor,vitrified-600x600,
Lavish Log,lavish-log,600×600 mm,Wooden,,Wood Look,Matt,Floor,vitrified-600x600,
Magic Mocha,magic-mocha,600×600 mm,Wooden,,Wood Look,Matt,Floor,vitrified-600x600,
Marble Grey,marble-grey,600×600 mm,Wooden,,Wood Look,Matt,Floor,vitrified-600x600,
Marble Grid,marble-grid,600×600 mm,Wooden,,Wood Look,Matt,Floor,vitrified-600x600,
Matrix Pine,matrix-pine,600×600 mm,Wooden,,Wood Look,Matt,Floor,vitrified-600x600,
Noughts & Crosses,noughts-crosses,600×600 mm,Wooden,,Wood Look,Matt,Floor,vitrified-600x600,
Rav Brown,rav-brown,600×600 mm,Wooden,,Wood Look,Matt,Floor,vitrified-600x600,
Serendipity,serendipity,600×600 mm,Wooden,,Wood Look,Matt,Floor,vitrified-600x600,
Serendipity Multi,serendipity-multi,600×600 mm,Wooden,,Wood Look,Matt,Floor,vitrified-600x600,
Timbre Bliss,timbre-bliss,600×600 mm,Wooden,,Wood Look,Matt,Floor,vitrified-600x600,
Toscana Grid,toscana-grid,600×600 mm,Wooden,,Wood Look,Matt,Floor,vitrified-600x600,
Twizel Blue,twizel-blue,600×600 mm,Wooden,,Wood Look,Matt,Floor,vitrified-600x600,
White Oak,white-oak,600×600 mm,Wooden,,Wood Look,Matt,Floor,vitrified-600x600,
Wooden Galaicha,wooden-galaicha,600×600 mm,Wooden,,Wood Look,Matt,Floor,vitrified-600x600,
Woody Bright,woody-bright,600×600 mm,Wooden,,Wood Look,Matt,Floor,vitrified-600x600,
Woody Foist,woody-foist,600×600 mm,Wooden,,Wood Look,Matt,Floor,vitrified-600x600,
Woody Impression,woody-impression,600×600 mm,Wooden,,Wood Look,Matt,Floor,vitrified-600x600,
Woody Marble,woody-marble,600×600 mm,Wooden,,Wood Look,Matt,Floor,vitrified-600x600,
