Size,Series,Missing Count
300×450 mm,Alcazar,3
300×450 mm,Alderation,3
300×450 mm,Atlantica,4
300×450 mm,Blossom,3
300×450 mm,Blue Mist,3
300×450 mm,Botany,3
300×450 mm,Calendula Venezia,4
300×450 mm,Centro,3
300×450 mm,Centro Matt,3
300×450 mm,Collage,3
300×450 mm,Cubixa,3
300×450 mm,Daltrix,3
300×450 mm,Dark Ivory,1
300×450 mm,Durben,3
300×450 mm,Elevation,8
300×450 mm,Fade Grey,3
300×450 mm,Fade Grey Matt,3
300×450 mm,Fern,3
300×450 mm,Fern Matt,3
300×450 mm,Florida,3
300×450 mm,Flowery,4
300×450 mm,Fusion,3
300×450 mm,Gabba,3
300×450 mm,Gem Crema,3
300×450 mm,Gem Wood,3
300×450 mm,Graffit,3
300×450 mm,Ivy,3
300×450 mm,Jewel,3
300×450 mm,Jewel Matt,3
300×450 mm,Kettle,4
300×450 mm,Kyoto,3
300×450 mm,Liam,3
300×450 mm,Ligen,3
300×450 mm,Light Ivory,1
300×450 mm,Mirage,3
300×450 mm,Mosaic,3
300×450 mm,Mosaic Dolphin,4
300×450 mm,Ocean,4
300×450 mm,Orson,3
300×450 mm,Oyster,3
300×450 mm,Plain White,1
300×450 mm,Pristine Grey,3
300×450 mm,Purple,3
300×450 mm,Purple Mist,3
300×450 mm,Rachel,3
300×450 mm,Richmond,4
300×450 mm,Ritz,3
300×450 mm,Rocher Pink,4
300×450 mm,Rover,3
300×450 mm,Satin White,1
300×450 mm,Satuario,1
300×450 mm,Savoy,3
300×450 mm,Shangrila,3
300×450 mm,Silken Malena,4
300×450 mm,Swan,4
300×450 mm,Sweden,3
300×450 mm,Teramo Creme,3
300×450 mm,Teramo Creme Matt,3
300×450 mm,Thangka Art,1
300×450 mm,Trevertino,3
300×450 mm,Triangle,3
300×450 mm,Vantel,3
300×450 mm,Vase,3
300×600 mm,Acklam Blue,4
300×600 mm,Brick Beige,1
300×600 mm,Brick Blue,1
300×600 mm,Brick Multi,1
300×600 mm,Brick Natural,1
300×600 mm,Brick Nero,1
300×600 mm,Brick Slate,1
300×600 mm,Carrara,1
300×600 mm,Infinity,2
300×600 mm,James,3
300×600 mm,Kasthamandap,7
300×600 mm,Lavena,2
300×600 mm,Lignum,3
300×600 mm,Mithila Art,6
300×600 mm,Mustang,1
300×600 mm,Noble White,1
300×600 mm,Palpali Dhaka,12
300×600 mm,Pokhareli,6
300×600 mm,Terracotta,1
300×600 mm,Thangka Art,3
600×1200 mm,Carving,10
600×1200 mm,Glossy,17
600×1200 mm,High Gloss,11
600×1200 mm,Matt,19
600×600 mm,Elegant,27
600×600 mm,Glossy,6
600×600 mm,Godawari Marble,4
600×600 mm,Marble,4
600×600 mm,Monochrome,9
600×600 mm,Stone,8
600×600 mm,Wooden,24
